Model,MDO3014
Firmware Version,1.20

Waveform Type,ANALOG
Point Format,Y
Horizontal Units,s
Horizontal Scale,0.001
Horizontal Delay,-0.00064
Sample Interval,1e-07
Record Length,100000
Gating,55.800% to 58.400%
Probe Attenuation,1
Vertical Units,V
Vertical Offset,0
Vertical Scale,0.01
Vertical Position,0
,
,
,
Label,
TIME,"MATH<CH2-CH1>"
-6.010000e-05,0.00639844
-6.000000e-05,0.00647656
-5.990000e-05,0.00639688
-5.980000e-05,0.00645938
-5.970000e-05,0.00635625
-5.960000e-05,0.00655312
-5.950000e-05,0.00647813
-5.940000e-05,0.00641094
-5.930000e-05,0.00653125
-5.920000e-05,0.0064375
-5.910000e-05,0.00644688
-5.900000e-05,0.00641875
-5.890000e-05,0.00643906
-5.880000e-05,0.00662656
-5.870000e-05,0.00645938
-5.860000e-05,0.00647031
-5.850000e-05,0.00644063
-5.840000e-05,0.0065125
-5.830000e-05,0.00641719
-5.820000e-05,0.00656094
-5.810000e-05,0.00651719
-5.800000e-05,0.00651563
-5.790000e-05,0.00647344
-5.780000e-05,0.00651094
-5.770000e-05,0.0065125
-5.760000e-05,0.0064875
-5.750000e-05,0.006575
-5.740000e-05,0.00654688
-5.730000e-05,0.006575
-5.720000e-05,0.00651875
-5.710000e-05,0.00649063
-5.700000e-05,0.00666875
-5.690000e-05,0.00664375
-5.680000e-05,0.00654219
-5.670000e-05,0.00656719
-5.660000e-05,0.00656875
-5.650000e-05,0.00665313
-5.640000e-05,0.00675625
-5.630000e-05,0.00658437
-5.620000e-05,0.00666875
-5.610000e-05,0.00652031
-5.600000e-05,0.00663281
-5.590000e-05,0.00660625
-5.580000e-05,0.00666875
-5.570000e-05,0.00668125
-5.560000e-05,0.00659844
-5.550000e-05,0.00651875
-5.540000e-05,0.00659375
-5.530000e-05,0.00653281
-5.520000e-05,0.00669531
-5.510000e-05,0.00662656
-5.500000e-05,0.0066125
-5.490000e-05,0.00663281
-5.480000e-05,0.00676562
-5.470000e-05,0.0067125
-5.460000e-05,0.00669375
-5.450000e-05,0.00666875
-5.440000e-05,0.00669219
-5.430000e-05,0.00673437
-5.420000e-05,0.00681719
-5.410000e-05,0.00664688
-5.400000e-05,0.0066875
-5.390000e-05,0.00673125
-5.380000e-05,0.00668281
-5.370000e-05,0.00668281
-5.360000e-05,0.00674375
-5.350000e-05,0.00666094
-5.340000e-05,0.00672969
-5.330000e-05,0.00677969
-5.320000e-05,0.006775
-5.310000e-05,0.00663125
-5.300000e-05,0.00684219
-5.290000e-05,0.00659688
-5.280000e-05,0.00671563
-5.270000e-05,0.00675938
-5.260000e-05,0.00673437
-5.250000e-05,0.00672813
-5.240000e-05,0.00676562
-5.230000e-05,0.006725
-5.220000e-05,0.00674063
-5.210000e-05,0.00673281
-5.200000e-05,0.00679375
-5.190000e-05,0.00676562
-5.180000e-05,0.00672344
-5.170000e-05,0.00684844
-5.160000e-05,0.00683906
-5.150000e-05,0.00677813
-5.140000e-05,0.00675938
-5.130000e-05,0.00683125
-5.120000e-05,0.00694063
-5.110000e-05,0.00684531
-5.100000e-05,0.00680938
-5.090000e-05,0.0067625
-5.080000e-05,0.00689688
-5.070000e-05,0.00691719
-5.060000e-05,0.00679531
-5.050000e-05,0.00695
-5.040000e-05,0.00680156
-5.030000e-05,0.00682812
-5.020000e-05,0.006925
-5.010000e-05,0.0069875
-5.000000e-05,0.00683438
-4.990000e-05,0.00701563
-4.980000e-05,0.00687969
-4.970000e-05,0.00693906
-4.960000e-05,0.00689063
-4.950000e-05,0.00690781
-4.940000e-05,0.0069
-4.930000e-05,0.00686563
-4.920000e-05,0.0068875
-4.910000e-05,0.0069625
-4.900000e-05,0.0069875
-4.890000e-05,0.00686094
-4.880000e-05,0.00699063
-4.870000e-05,0.00693594
-4.860000e-05,0.00691875
-4.850000e-05,0.00696719
-4.840000e-05,0.00688281
-4.830000e-05,0.00690938
-4.820000e-05,0.00700469
-4.810000e-05,0.00700156
-4.800000e-05,0.00715156
-4.790000e-05,0.00697656
-4.780000e-05,0.00702656
-4.770000e-05,0.00704063
-4.760000e-05,0.00702188
-4.750000e-05,0.00698125
-4.740000e-05,0.007075
-4.730000e-05,0.00710313
-4.720000e-05,0.007125
-4.710000e-05,0.007075
-4.700000e-05,0.00697969
-4.690000e-05,0.00714063
-4.680000e-05,0.00697188
-4.670000e-05,0.00713281
-4.660000e-05,0.007025
-4.650000e-05,0.00711875
-4.640000e-05,0.00703438
-4.630000e-05,0.00709063
-4.620000e-05,0.00710938
-4.610000e-05,0.00717813
-4.600000e-05,0.00704063
-4.590000e-05,0.00716875
-4.580000e-05,0.00712344
-4.570000e-05,0.00703438
-4.560000e-05,0.00720938
-4.550000e-05,0.00719375
-4.540000e-05,0.00712188
-4.530000e-05,0.00709063
-4.520000e-05,0.007175
-4.510000e-05,0.00716094
-4.500000e-05,0.007175
-4.490000e-05,0.00718438
-4.480000e-05,0.00725
-4.470000e-05,0.00718438
-4.460000e-05,0.0072
-4.450000e-05,0.0072
-4.440000e-05,0.00723594
-4.430000e-05,0.00715313
-4.420000e-05,0.00716719
-4.410000e-05,0.00721563
-4.400000e-05,0.00726563
-4.390000e-05,0.0072125
-4.380000e-05,0.007275
-4.370000e-05,0.0072625
-4.360000e-05,0.00727969
-4.350000e-05,0.0072125
-4.340000e-05,0.00722656
-4.330000e-05,0.00730625
-4.320000e-05,0.00731563
-4.310000e-05,0.00727188
-4.300000e-05,0.00739219
-4.290000e-05,0.00725
-4.280000e-05,0.00727188
-4.270000e-05,0.00735
-4.260000e-05,0.00742188
-4.250000e-05,0.00736094
-4.240000e-05,0.00727031
-4.230000e-05,0.00728438
-4.220000e-05,0.00735938
-4.210000e-05,0.00734375
-4.200000e-05,0.00732969
-4.190000e-05,0.00736719
-4.180000e-05,0.00744063
-4.170000e-05,0.00742188
-4.160000e-05,0.00730781
-4.150000e-05,0.00732813
-4.140000e-05,0.00738125
-4.130000e-05,0.00737813
-4.120000e-05,0.00747031
-4.110000e-05,0.00748438
-4.100000e-05,0.00738438
-4.090000e-05,0.00736719
-4.080000e-05,0.00751875
-4.070000e-05,0.00740625
-4.060000e-05,0.00751094
-4.050000e-05,0.00751094
-4.040000e-05,0.00745
-4.030000e-05,0.00734375
-4.020000e-05,0.00744219
-4.010000e-05,0.00742188
-4.000000e-05,0.0075125
-3.990000e-05,0.00749688
-3.980000e-05,0.00750781
-3.970000e-05,0.0075
-3.960000e-05,0.00744063
-3.950000e-05,0.00747656
-3.940000e-05,0.00753125
-3.930000e-05,0.00745781
-3.920000e-05,0.00745938
-3.910000e-05,0.00758125
-3.900000e-05,0.00757188
-3.890000e-05,0.00754063
-3.880000e-05,0.00748906
-3.870000e-05,0.00753125
-3.860000e-05,0.00763438
-3.850000e-05,0.0075625
-3.840000e-05,0.00762813
-3.830000e-05,0.00760625
-3.820000e-05,0.00758125
-3.810000e-05,0.00764688
-3.800000e-05,0.00755469
-3.790000e-05,0.00766875
-3.780000e-05,0.00765
-3.770000e-05,0.0076625
-3.760000e-05,0.00764688
-3.750000e-05,0.0076
-3.740000e-05,0.00758125
-3.730000e-05,0.00763281
-3.720000e-05,0.00758281
-3.710000e-05,0.00767188
-3.700000e-05,0.00762188
-3.690000e-05,0.00770625
-3.680000e-05,0.00765
-3.670000e-05,0.00770938
-3.660000e-05,0.00771875
-3.650000e-05,0.00782969
-3.640000e-05,0.00769375
-3.630000e-05,0.00774375
-3.620000e-05,0.00759844
-3.610000e-05,0.00772813
-3.600000e-05,0.00773125
-3.590000e-05,0.00770781
-3.580000e-05,0.00781406
-3.570000e-05,0.00770938
-3.560000e-05,0.00777813
-3.550000e-05,0.00781562
-3.540000e-05,0.00781094
-3.530000e-05,0.00777813
-3.520000e-05,0.00775938
-3.510000e-05,0.00779375
-3.500000e-05,0.00782188
-3.490000e-05,0.00774219
-3.480000e-05,0.00779844
-3.470000e-05,0.00782656
-3.460000e-05,0.00782031
-3.450000e-05,0.00790937
-3.440000e-05,0.00788906
-3.430000e-05,0.00784531
-3.420000e-05,0.00780625
-3.410000e-05,0.00793125
-3.400000e-05,0.00782656
-3.390000e-05,0.00795938
-3.380000e-05,0.00779531
-3.370000e-05,0.00789375
-3.360000e-05,0.00793125
-3.350000e-05,0.00789688
-3.340000e-05,0.00793438
-3.330000e-05,0.00784375
-3.320000e-05,0.00790937
-3.310000e-05,0.00793281
-3.300000e-05,0.00792188
-3.290000e-05,0.00792969
-3.280000e-05,0.0079875
-3.270000e-05,0.0079125
-3.260000e-05,0.00792656
-3.250000e-05,0.00788594
-3.240000e-05,0.00780781
-3.230000e-05,0.0079375
-3.220000e-05,0.00795313
-3.210000e-05,0.00801094
-3.200000e-05,0.00798125
-3.190000e-05,0.00797187
-3.180000e-05,0.0079625
-3.170000e-05,0.00801875
-3.160000e-05,0.00795938
-3.150000e-05,0.00797813
-3.140000e-05,0.00802813
-3.130000e-05,0.00808437
-3.120000e-05,0.00802344
-3.110000e-05,0.00808281
-3.100000e-05,0.00802188
-3.090000e-05,0.0080875
-3.080000e-05,0.00805
-3.070000e-05,0.00814844
-3.060000e-05,0.00809687
-3.050000e-05,0.008075
-3.040000e-05,0.00810313
-3.030000e-05,0.00806562
-3.020000e-05,0.00801563
-3.010000e-05,0.00808437
-3.000000e-05,0.00806562
-2.990000e-05,0.00815156
-2.980000e-05,0.0080875
-2.970000e-05,0.00806562
-2.960000e-05,0.00802813
-2.950000e-05,0.00816094
-2.940000e-05,0.00809063
-2.930000e-05,0.00816563
-2.920000e-05,0.00805156
-2.910000e-05,0.00820313
-2.900000e-05,0.00824375
-2.890000e-05,0.00819062
-2.880000e-05,0.00826875
-2.870000e-05,0.00825938
-2.860000e-05,0.00816875
-2.850000e-05,0.00818594
-2.840000e-05,0.00819531
-2.830000e-05,0.00823125
-2.820000e-05,0.00833437
-2.810000e-05,0.00819219
-2.800000e-05,0.00825938
-2.790000e-05,0.0082125
-2.780000e-05,0.00832813
-2.770000e-05,0.00825625
-2.760000e-05,0.00825313
-2.750000e-05,0.0083
-2.740000e-05,0.00831719
-2.730000e-05,0.00832656
-2.720000e-05,0.0083
-2.710000e-05,0.00828906
-2.700000e-05,0.0082625
-2.690000e-05,0.00825625
-2.680000e-05,0.00825156
-2.670000e-05,0.00832813
-2.660000e-05,0.00838281
-2.650000e-05,0.00828125
-2.640000e-05,0.00833594
-2.630000e-05,0.00834531
-2.620000e-05,0.00832813
-2.610000e-05,0.008375
-2.600000e-05,0.00837344
-2.590000e-05,0.00835938
-2.580000e-05,0.008425
-2.570000e-05,0.00849062
-2.560000e-05,0.00839375
-2.550000e-05,0.00837969
-2.540000e-05,0.00851563
-2.530000e-05,0.00835781
-2.520000e-05,0.00846875
-2.510000e-05,0.00846406
-2.500000e-05,0.0084625
-2.490000e-05,0.00844063
-2.480000e-05,0.00845156
-2.470000e-05,0.00845625
-2.460000e-05,0.00847969
-2.450000e-05,0.00845313
-2.440000e-05,0.008525
-2.430000e-05,0.00847812
-2.420000e-05,0.00843125
-2.410000e-05,0.00858437
-2.400000e-05,0.00849375
-2.390000e-05,0.008575
-2.380000e-05,0.00857187
-2.370000e-05,0.00851875
-2.360000e-05,0.00864375
-2.350000e-05,0.00850469
-2.340000e-05,0.008575
-2.330000e-05,0.00861875
-2.320000e-05,0.00860156
-2.310000e-05,0.00851563
-2.300000e-05,0.00855312
-2.290000e-05,0.0085
-2.280000e-05,0.00850781
-2.270000e-05,0.0085375
-2.260000e-05,0.00862656
-2.250000e-05,0.00859688
-2.240000e-05,0.00860938
-2.230000e-05,0.00869375
-2.220000e-05,0.00863437
-2.210000e-05,0.0086125
-2.200000e-05,0.00857969
-2.190000e-05,0.00867188
-2.180000e-05,0.00865
-2.170000e-05,0.00868438
-2.160000e-05,0.00861563
-2.150000e-05,0.00861563
-2.140000e-05,0.00865313
-2.130000e-05,0.00859688
-2.120000e-05,0.00866562
-2.110000e-05,0.0085125
-2.100000e-05,0.00871875
-2.090000e-05,0.00868125
-2.080000e-05,0.00857969
-2.070000e-05,0.00874688
-2.060000e-05,0.00880781
-2.050000e-05,0.00877969
-2.040000e-05,0.00875313
-2.030000e-05,0.0087625
-2.020000e-05,0.00880625
-2.010000e-05,0.00879375
-2.000000e-05,0.00872188
-1.990000e-05,0.00886875
-1.980000e-05,0.00872812
-1.970000e-05,0.00874688
-1.960000e-05,0.00867344
-1.950000e-05,0.00879062
-1.940000e-05,0.0089375
-1.930000e-05,0.00881094
-1.920000e-05,0.00877813
-1.910000e-05,0.00881563
-1.900000e-05,0.00877813
-1.890000e-05,0.00884063
-1.880000e-05,0.0087875
-1.870000e-05,0.00875313
-1.860000e-05,0.00885312
-1.850000e-05,0.00892031
-1.840000e-05,0.00885938
-1.830000e-05,0.00881563
-1.820000e-05,0.00885938
-1.810000e-05,0.00891875
-1.800000e-05,0.00894687
-1.790000e-05,0.00895
-1.780000e-05,0.00888906
-1.770000e-05,0.00892188
-1.760000e-05,0.00895469
-1.750000e-05,0.00889844
-1.740000e-05,0.00899375
-1.730000e-05,0.00900156
-1.720000e-05,0.00894375
-1.710000e-05,0.00900313
-1.700000e-05,0.00888906
-1.690000e-05,0.008975
-1.680000e-05,0.0089125
-1.670000e-05,0.00902188
-1.660000e-05,0.00902031
-1.650000e-05,0.00895625
-1.640000e-05,0.00896562
-1.630000e-05,0.00906094
-1.620000e-05,0.00894063
-1.610000e-05,0.009
-1.600000e-05,0.00896875
-1.590000e-05,0.00898438
-1.580000e-05,0.0089125
-1.570000e-05,0.00898125
-1.560000e-05,0.00905625
-1.550000e-05,0.0090875
-1.540000e-05,0.00920313
-1.530000e-05,0.00906875
-1.520000e-05,0.00913125
-1.510000e-05,0.009125
-1.500000e-05,0.0090875
-1.490000e-05,0.00914375
-1.480000e-05,0.00909531
-1.470000e-05,0.00906406
-1.460000e-05,0.009025
-1.450000e-05,0.00915469
-1.440000e-05,0.0091875
-1.430000e-05,0.00912031
-1.420000e-05,0.00907656
-1.410000e-05,0.00916875
-1.400000e-05,0.00911875
-1.390000e-05,0.009025
-1.380000e-05,0.00915
-1.370000e-05,0.00918125
-1.360000e-05,0.00913438
-1.350000e-05,0.00915625
-1.340000e-05,0.00920938
-1.330000e-05,0.00917813
-1.320000e-05,0.00920469
-1.310000e-05,0.00929687
-1.300000e-05,0.00916875
-1.290000e-05,0.00925
-1.280000e-05,0.00929375
-1.270000e-05,0.00925313
-1.260000e-05,0.00933906
-1.250000e-05,0.00925313
-1.240000e-05,0.00918437
-1.230000e-05,0.00928438
-1.220000e-05,0.0093625
-1.210000e-05,0.00927812
-1.200000e-05,0.00931719
-1.190000e-05,0.00933906
-1.180000e-05,0.00926563
-1.170000e-05,0.00931094
-1.160000e-05,0.00934062
-1.150000e-05,0.00929375
-1.140000e-05,0.00927188
-1.130000e-05,0.00935313
-1.120000e-05,0.00935
-1.110000e-05,0.00939688
-1.100000e-05,0.00938281
-1.090000e-05,0.00932188
-1.080000e-05,0.009275
-1.070000e-05,0.00938438
-1.060000e-05,0.00937969
-1.050000e-05,0.00945781
-1.040000e-05,0.009425
-1.030000e-05,0.00947813
-1.020000e-05,0.00940156
-1.010000e-05,0.00935313
-1.000000e-05,0.00943438
-9.900000e-06,0.00945938
-9.800000e-06,0.00940938
-9.700000e-06,0.00931563
-9.600000e-06,0.00936406
-9.500000e-06,0.00944063
-9.400000e-06,0.00947188
-9.300000e-06,0.00944844
-9.200000e-06,0.0095125
-9.100000e-06,0.00954375
-9.000000e-06,0.00949063
-8.900000e-06,0.00946563
-8.800000e-06,0.00946563
-8.700000e-06,0.00949688
-8.600000e-06,0.00949688
-8.500000e-06,0.00951562
-8.400000e-06,0.00958906
-8.300000e-06,0.00957188
-8.200000e-06,0.00951875
-8.100000e-06,0.00946875
-8.000000e-06,0.0095125
-7.900000e-06,0.00958594
-7.800000e-06,0.00959375
-7.700000e-06,0.00951875
-7.600000e-06,0.00957344
-7.500000e-06,0.0094875
-7.400000e-06,0.00954219
-7.300000e-06,0.0095
-7.200000e-06,0.00956563
-7.100000e-06,0.0096625
-7.000000e-06,0.00960625
-6.900000e-06,0.00963438
-6.800000e-06,0.0095375
-6.700000e-06,0.00964844
-6.600000e-06,0.00954375
-6.500000e-06,0.00964375
-6.400000e-06,0.0094875
-6.300000e-06,0.0096625
-6.200000e-06,0.00962344
-6.100000e-06,0.00960781
-6.000000e-06,0.00966875
-5.900000e-06,0.00966406
-5.800000e-06,0.00965313
-5.700000e-06,0.00966406
-5.600000e-06,0.00970312
-5.500000e-06,0.00965313
-5.400000e-06,0.009675
-5.300000e-06,0.00979375
-5.200000e-06,0.00970781
-5.100000e-06,0.00973906
-5.000000e-06,0.00972813
-4.900000e-06,0.00965938
-4.800000e-06,0.00974063
-4.700000e-06,0.0097875
-4.600000e-06,0.00972031
-4.500000e-06,0.00969219
-4.400000e-06,0.0098875
-4.300000e-06,0.00971875
-4.200000e-06,0.00979063
-4.100000e-06,0.00978125
-4.000000e-06,0.00982813
-3.900000e-06,0.00987969
-3.800000e-06,0.00977344
-3.700000e-06,0.0099875
-3.600000e-06,0.00981562
-3.500000e-06,0.0098
-3.400000e-06,0.00984687
-3.300000e-06,0.00988125
-3.200000e-06,0.00989844
-3.100000e-06,0.0098375
-3.000000e-06,0.00977344
-2.900000e-06,0.00988281
-2.800000e-06,0.00979688
-2.700000e-06,0.0098125
-2.600000e-06,0.00980938
-2.500000e-06,0.00996094
-2.400000e-06,0.0098375
-2.300000e-06,0.00980938
-2.200000e-06,0.00982031
-2.100000e-06,0.00985469
-2.000000e-06,0.00989688
-1.900000e-06,0.00995313
-1.800000e-06,0.00982031
-1.700000e-06,0.0098625
-1.600000e-06,0.00996563
-1.500000e-06,0.00984375
-1.400000e-06,0.0099875
-1.300000e-06,0.00999688
-1.200000e-06,0.0100047
-1.100000e-06,0.0100344
-1.000000e-06,0.00990937
-9.000000e-07,0.00993594
-8.000000e-07,0.0100125
-7.000000e-07,0.00998125
-6.000000e-07,0.00998438
-5.000000e-07,0.0100031
-4.000000e-07,0.0100812
-3.000000e-07,0.00994062
-2.000000e-07,0.00997031
-1.000000e-07,0.0100719
0.000000e+00,0.0100594
1.000000e-07,0.00997187
2.000000e-07,0.0100969
3.000000e-07,0.0101266
4.000000e-07,0.0100328
5.000000e-07,0.00995938
6.000000e-07,0.0100344
7.000000e-07,0.0100609
8.000000e-07,0.0100469
9.000000e-07,0.0101109
1.000000e-06,0.00999844
1.100000e-06,0.0100688
1.200000e-06,0.0100187
1.300000e-06,0.0100891
1.400000e-06,0.0101125
1.500000e-06,0.0101609
1.600000e-06,0.0101078
1.700000e-06,0.0101188
1.800000e-06,0.0101375
1.900000e-06,0.0102031
2.000000e-06,0.0101344
2.100000e-06,0.0101406
2.200000e-06,0.0101844
2.300000e-06,0.0101656
2.400000e-06,0.01015
2.500000e-06,0.0102313
2.600000e-06,0.0101984
2.700000e-06,0.0101813
2.800000e-06,0.0102344
2.900000e-06,0.0101484
3.000000e-06,0.0102422
3.100000e-06,0.0102625
3.200000e-06,0.0102172
3.300000e-06,0.0102531
3.400000e-06,0.0101922
3.500000e-06,0.0102172
3.600000e-06,0.0102656
3.700000e-06,0.0102969
3.800000e-06,0.0102719
3.900000e-06,0.0102406
4.000000e-06,0.0102344
4.100000e-06,0.0102391
4.200000e-06,0.0102625
4.300000e-06,0.0103594
4.400000e-06,0.0103453
4.500000e-06,0.0103563
4.600000e-06,0.0104
4.700000e-06,0.0103563
4.800000e-06,0.010325
4.900000e-06,0.0103375
5.000000e-06,0.0103781
5.100000e-06,0.0103938
5.200000e-06,0.0103938
5.300000e-06,0.0104266
5.400000e-06,0.0102641
5.500000e-06,0.0103406
5.600000e-06,0.0104078
5.700000e-06,0.0103875
5.800000e-06,0.0104141
5.900000e-06,0.0104313
6.000000e-06,0.0104406
6.100000e-06,0.0104719
6.200000e-06,0.0104109
6.300000e-06,0.0103766
6.400000e-06,0.0105375
6.500000e-06,0.0104063
6.600000e-06,0.0103156
6.700000e-06,0.0104313
6.800000e-06,0.0104938
6.900000e-06,0.0104688
7.000000e-06,0.0105281
7.100000e-06,0.0104984
7.200000e-06,0.0104547
7.300000e-06,0.0105906
7.400000e-06,0.0105469
7.500000e-06,0.0106281
7.600000e-06,0.0105625
7.700000e-06,0.0106156
7.800000e-06,0.0105656
7.900000e-06,0.0106578
8.000000e-06,0.0106125
8.100000e-06,0.0105438
8.200000e-06,0.0105828
8.300000e-06,0.0105313
8.400000e-06,0.0105781
8.500000e-06,0.0106
8.600000e-06,0.0106531
8.700000e-06,0.0106187
8.800000e-06,0.0107313
8.900000e-06,0.010625
9.000000e-06,0.0106344
9.100000e-06,0.0107188
9.200000e-06,0.0106094
9.300000e-06,0.0106719
9.400000e-06,0.0107563
9.500000e-06,0.0106906
9.600000e-06,0.0106406
9.700000e-06,0.0105906
9.800000e-06,0.0106594
9.900000e-06,0.0106125
1.000000e-05,0.0106953
1.010000e-05,0.0107313
1.020000e-05,0.0107359
1.030000e-05,0.0107391
1.040000e-05,0.0107469
1.050000e-05,0.0108172
1.060000e-05,0.0108172
1.070000e-05,0.0108406
1.080000e-05,0.0108547
1.090000e-05,0.0107437
1.100000e-05,0.0107531
1.110000e-05,0.0108172
1.120000e-05,0.0107734
1.130000e-05,0.0108531
1.140000e-05,0.0107594
1.150000e-05,0.0107719
1.160000e-05,0.0108953
1.170000e-05,0.0108547
1.180000e-05,0.0109094
1.190000e-05,0.0108391
1.200000e-05,0.0108672
1.210000e-05,0.0109031
1.220000e-05,0.010925
1.230000e-05,0.0109297
1.240000e-05,0.0108094
1.250000e-05,0.0109375
1.260000e-05,0.0110437
1.270000e-05,0.0108438
1.280000e-05,0.0109938
1.290000e-05,0.010925
1.300000e-05,0.0109219
1.310000e-05,0.0109641
1.320000e-05,0.011025
1.330000e-05,0.0109344
1.340000e-05,0.0110188
1.350000e-05,0.0109156
1.360000e-05,0.0109922
1.370000e-05,0.0110172
1.380000e-05,0.0109406
1.390000e-05,0.0111016
1.400000e-05,0.0111078
1.410000e-05,0.0110734
1.420000e-05,0.0110719
1.430000e-05,0.0109953
1.440000e-05,0.0111656
1.450000e-05,0.0110938
1.460000e-05,0.0110813
1.470000e-05,0.0111062
1.480000e-05,0.0112094
1.490000e-05,0.0111641
1.500000e-05,0.0111406
1.510000e-05,0.0111234
1.520000e-05,0.0111484
1.530000e-05,0.0111594
1.540000e-05,0.0111594
1.550000e-05,0.0112078
1.560000e-05,0.0111875
1.570000e-05,0.0111109
1.580000e-05,0.0111672
1.590000e-05,0.011175
1.600000e-05,0.0111938
1.610000e-05,0.01115
1.620000e-05,0.01125
1.630000e-05,0.0112438
1.640000e-05,0.0111313
1.650000e-05,0.011275
1.660000e-05,0.0111719
1.670000e-05,0.0111281
1.680000e-05,0.0112375
1.690000e-05,0.0112781
1.700000e-05,0.0113641
1.710000e-05,0.0112125
1.720000e-05,0.0112844
1.730000e-05,0.0112953
1.740000e-05,0.0112844
1.750000e-05,0.0113313
1.760000e-05,0.0113109
1.770000e-05,0.0112469
1.780000e-05,0.0113313
1.790000e-05,0.0113844
1.800000e-05,0.0113641
1.810000e-05,0.0114016
1.820000e-05,0.0113563
1.830000e-05,0.0114219
1.840000e-05,0.0114891
1.850000e-05,0.0114281
1.860000e-05,0.0113688
1.870000e-05,0.0114188
1.880000e-05,0.0114469
1.890000e-05,0.0114563
1.900000e-05,0.01145
1.910000e-05,0.0113875
1.920000e-05,0.0114281
1.930000e-05,0.0113625
1.940000e-05,0.0114938
1.950000e-05,0.0114313
1.960000e-05,0.0114406
1.970000e-05,0.0115219
1.980000e-05,0.0115406
1.990000e-05,0.0115406
2.000000e-05,0.0115328
2.010000e-05,0.0115531
2.020000e-05,0.0115703
2.030000e-05,0.0115844
2.040000e-05,0.0115375
2.050000e-05,0.0115766
2.060000e-05,0.0115469
2.070000e-05,0.0115469
2.080000e-05,0.0116406
2.090000e-05,0.0116625
2.100000e-05,0.0115
2.110000e-05,0.0116891
2.120000e-05,0.0116656
2.130000e-05,0.0116922
2.140000e-05,0.0116328
2.150000e-05,0.0116625
2.160000e-05,0.0117656
2.170000e-05,0.0116859
2.180000e-05,0.0116797
2.190000e-05,0.0117422
2.200000e-05,0.0117219
2.210000e-05,0.0116313
2.220000e-05,0.0118031
2.230000e-05,0.0117094
2.240000e-05,0.0117094
2.250000e-05,0.0118094
2.260000e-05,0.0118688
2.270000e-05,0.0118266
2.280000e-05,0.0118937
2.290000e-05,0.0118453
2.300000e-05,0.011925
2.310000e-05,0.0118156
2.320000e-05,0.011825
2.330000e-05,0.0119234
2.340000e-05,0.0118891
2.350000e-05,0.0117984
2.360000e-05,0.0118328
2.370000e-05,0.0118656
2.380000e-05,0.0119344
2.390000e-05,0.0119016
2.400000e-05,0.0118969
2.410000e-05,0.01185
2.420000e-05,0.0119688
2.430000e-05,0.0118438
2.440000e-05,0.0119375
2.450000e-05,0.0119531
2.460000e-05,0.0119438
2.470000e-05,0.0119063
2.480000e-05,0.0119938
2.490000e-05,0.0120156
2.500000e-05,0.0120563
2.510000e-05,0.0120125
2.520000e-05,0.01205
2.530000e-05,0.01195
2.540000e-05,0.012
2.550000e-05,0.0119938
2.560000e-05,0.0120156
2.570000e-05,0.0120531
2.580000e-05,0.0120219
2.590000e-05,0.0120359
2.600000e-05,0.0121219
2.610000e-05,0.0120734
2.620000e-05,0.0121281
2.630000e-05,0.0120938
2.640000e-05,0.0121344
2.650000e-05,0.0121313
2.660000e-05,0.0121063
2.670000e-05,0.0121688
2.680000e-05,0.0120797
2.690000e-05,0.0121125
2.700000e-05,0.0121594
2.710000e-05,0.0120891
2.720000e-05,0.0121688
2.730000e-05,0.0122438
2.740000e-05,0.0121531
2.750000e-05,0.0123141
2.760000e-05,0.0122953
2.770000e-05,0.0122234
2.780000e-05,0.0121578
2.790000e-05,0.0123219
2.800000e-05,0.0123531
2.810000e-05,0.0122719
2.820000e-05,0.0123016
2.830000e-05,0.0122719
2.840000e-05,0.0122125
2.850000e-05,0.0123
2.860000e-05,0.0123781
2.870000e-05,0.0123031
2.880000e-05,0.0123047
2.890000e-05,0.0122906
2.900000e-05,0.0124469
2.910000e-05,0.0123531
2.920000e-05,0.0122609
2.930000e-05,0.0123688
2.940000e-05,0.0123906
2.950000e-05,0.0123406
2.960000e-05,0.0124719
2.970000e-05,0.012375
2.980000e-05,0.012425
2.990000e-05,0.0125219
3.000000e-05,0.0123594
3.010000e-05,0.0125234
3.020000e-05,0.0124781
3.030000e-05,0.0124656
3.040000e-05,0.0123281
3.050000e-05,0.0125203
3.060000e-05,0.0124813
3.070000e-05,0.0124656
3.080000e-05,0.0124828
3.090000e-05,0.0125359
3.100000e-05,0.0124594
3.110000e-05,0.0126187
3.120000e-05,0.0125813
3.130000e-05,0.0125922
3.140000e-05,0.0126344
3.150000e-05,0.0125734
3.160000e-05,0.0127156
3.170000e-05,0.0125563
3.180000e-05,0.0125672
3.190000e-05,0.0126703
3.200000e-05,0.0126594
3.210000e-05,0.0126656
3.220000e-05,0.0126344
3.230000e-05,0.0127
3.240000e-05,0.0127531
3.250000e-05,0.0126938
3.260000e-05,0.0127297
3.270000e-05,0.0127
3.280000e-05,0.0126469
3.290000e-05,0.0127531
3.300000e-05,0.0127469
3.310000e-05,0.0127906
3.320000e-05,0.0127563
3.330000e-05,0.0127531
3.340000e-05,0.0127906
3.350000e-05,0.0128406
3.360000e-05,0.0128062
3.370000e-05,0.012725
3.380000e-05,0.012775
3.390000e-05,0.0127906
3.400000e-05,0.0127594
3.410000e-05,0.0128438
3.420000e-05,0.0128406
3.430000e-05,0.0129469
3.440000e-05,0.0128719
3.450000e-05,0.012825
3.460000e-05,0.0129813
3.470000e-05,0.0129281
3.480000e-05,0.0128813
3.490000e-05,0.0128531
3.500000e-05,0.0128813
3.510000e-05,0.0129219
3.520000e-05,0.0130563
3.530000e-05,0.0128656
3.540000e-05,0.0129203
3.550000e-05,0.01305
3.560000e-05,0.0128469
3.570000e-05,0.0129688
3.580000e-05,0.0130125
3.590000e-05,0.0130609
3.600000e-05,0.0129063
3.610000e-05,0.0130563
3.620000e-05,0.013
3.630000e-05,0.0130063
3.640000e-05,0.0130656
3.650000e-05,0.0130938
3.660000e-05,0.0129859
3.670000e-05,0.013125
3.680000e-05,0.0130656
3.690000e-05,0.0131625
3.700000e-05,0.0130969
3.710000e-05,0.0131109
3.720000e-05,0.0131844
3.730000e-05,0.0131125
3.740000e-05,0.0131844
3.750000e-05,0.0131687
3.760000e-05,0.0131453
3.770000e-05,0.0132031
3.780000e-05,0.0132469
3.790000e-05,0.0131438
3.800000e-05,0.0131938
3.810000e-05,0.0132375
3.820000e-05,0.01325
3.830000e-05,0.013275
3.840000e-05,0.013275
3.850000e-05,0.0133469
3.860000e-05,0.0131344
3.870000e-05,0.0132922
3.880000e-05,0.0133469
3.890000e-05,0.0132781
3.900000e-05,0.0133156
3.910000e-05,0.0133094
3.920000e-05,0.0133344
3.930000e-05,0.013275
3.940000e-05,0.0132906
3.950000e-05,0.0133063
3.960000e-05,0.0134
3.970000e-05,0.0134078
3.980000e-05,0.0134469
3.990000e-05,0.0134094
4.000000e-05,0.0134063
4.010000e-05,0.0134547
4.020000e-05,0.0135094
4.030000e-05,0.0135063
4.040000e-05,0.0135156
4.050000e-05,0.0134844
4.060000e-05,0.0134375
4.070000e-05,0.0135625
4.080000e-05,0.0135094
4.090000e-05,0.0134813
4.100000e-05,0.0135281
4.110000e-05,0.0135125
4.120000e-05,0.013525
4.130000e-05,0.0134781
4.140000e-05,0.0134625
4.150000e-05,0.01355
4.160000e-05,0.013525
4.170000e-05,0.013525
4.180000e-05,0.0136406
4.190000e-05,0.0135672
4.200000e-05,0.0136
4.210000e-05,0.0136531
4.220000e-05,0.0135594
4.230000e-05,0.0135563
4.240000e-05,0.0134797
4.250000e-05,0.0136125
4.260000e-05,0.0136281
4.270000e-05,0.0136063
4.280000e-05,0.0136063
4.290000e-05,0.0136531
4.300000e-05,0.0135438
4.310000e-05,0.0136406
4.320000e-05,0.0137813
4.330000e-05,0.0137938
4.340000e-05,0.013725
4.350000e-05,0.0137
4.360000e-05,0.0137953
4.370000e-05,0.0137844
4.380000e-05,0.01375
4.390000e-05,0.0136844
4.400000e-05,0.0137875
4.410000e-05,0.0137938
4.420000e-05,0.0138063
4.430000e-05,0.0138219
4.440000e-05,0.0138563
4.450000e-05,0.0138188
4.460000e-05,0.0138359
4.470000e-05,0.0138469
4.480000e-05,0.0139188
4.490000e-05,0.0139219
4.500000e-05,0.0139281
4.510000e-05,0.0138438
4.520000e-05,0.0138969
4.530000e-05,0.0139531
4.540000e-05,0.0139594
4.550000e-05,0.0139281
4.560000e-05,0.0139562
4.570000e-05,0.0139969
4.580000e-05,0.0139625
4.590000e-05,0.0139391
4.600000e-05,0.0139875
4.610000e-05,0.0140156
4.620000e-05,0.01405
4.630000e-05,0.0139531
4.640000e-05,0.0140406
4.650000e-05,0.0140094
4.660000e-05,0.0140406
4.670000e-05,0.0141313
4.680000e-05,0.0140688
4.690000e-05,0.0140375
4.700000e-05,0.0140781
4.710000e-05,0.0142125
4.720000e-05,0.014075
4.730000e-05,0.0141156
4.740000e-05,0.01415
4.750000e-05,0.0140906
4.760000e-05,0.0141563
4.770000e-05,0.01405
4.780000e-05,0.0142031
4.790000e-05,0.0141531
4.800000e-05,0.0140625
4.810000e-05,0.0142219
4.820000e-05,0.01415
4.830000e-05,0.014175
4.840000e-05,0.0142625
4.850000e-05,0.0141688
4.860000e-05,0.01425
4.870000e-05,0.0141969
4.880000e-05,0.0142969
4.890000e-05,0.0141781
4.900000e-05,0.0142172
4.910000e-05,0.0142781
4.920000e-05,0.0142906
4.930000e-05,0.0142828
4.940000e-05,0.0143219
4.950000e-05,0.0143219
4.960000e-05,0.0144031
4.970000e-05,0.0143469
4.980000e-05,0.0143
4.990000e-05,0.0142469
5.000000e-05,0.0142828
5.010000e-05,0.0143516
5.020000e-05,0.0143234
5.030000e-05,0.0143703
5.040000e-05,0.0143969
5.050000e-05,0.0143625
5.060000e-05,0.0144844
5.070000e-05,0.0144219
5.080000e-05,0.0145563
5.090000e-05,0.0143875
5.100000e-05,0.0143266
5.110000e-05,0.0144469
5.120000e-05,0.0144313
5.130000e-05,0.0145047
5.140000e-05,0.014475
5.150000e-05,0.0144969
5.160000e-05,0.0144437
5.170000e-05,0.0144469
5.180000e-05,0.0144656
5.190000e-05,0.0144703
5.200000e-05,0.0146156
5.210000e-05,0.0145531
5.220000e-05,0.0145094
5.230000e-05,0.0146313
5.240000e-05,0.0145469
5.250000e-05,0.014525
5.260000e-05,0.0145
5.270000e-05,0.0146094
5.280000e-05,0.0145969
5.290000e-05,0.0146719
5.300000e-05,0.0145031
5.310000e-05,0.0146313
5.320000e-05,0.0146281
5.330000e-05,0.0147563
5.340000e-05,0.0146625
5.350000e-05,0.0146
5.360000e-05,0.0146094
5.370000e-05,0.0146531
5.380000e-05,0.014625
5.390000e-05,0.0146313
5.400000e-05,0.0147375
5.410000e-05,0.0147016
5.420000e-05,0.0146625
5.430000e-05,0.0146438
5.440000e-05,0.0147938
5.450000e-05,0.01465
5.460000e-05,0.0147
5.470000e-05,0.0147563
5.480000e-05,0.0146938
5.490000e-05,0.0147563
5.500000e-05,0.0147375
5.510000e-05,0.0146938
5.520000e-05,0.0147906
5.530000e-05,0.0147375
5.540000e-05,0.0148219
5.550000e-05,0.0148
5.560000e-05,0.0148234
5.570000e-05,0.0147844
5.580000e-05,0.0147813
5.590000e-05,0.0149156
5.600000e-05,0.0148
5.610000e-05,0.0148
5.620000e-05,0.0148094
5.630000e-05,0.014825
5.640000e-05,0.0149063
5.650000e-05,0.0147656
5.660000e-05,0.0148813
5.670000e-05,0.0149766
5.680000e-05,0.0149063
5.690000e-05,0.0147969
5.700000e-05,0.0148969
5.710000e-05,0.0149531
5.720000e-05,0.0149219
5.730000e-05,0.0148594
5.740000e-05,0.0148938
5.750000e-05,0.0149844
5.760000e-05,0.0149938
5.770000e-05,0.0149625
5.780000e-05,0.0149656
5.790000e-05,0.0149844
5.800000e-05,0.0149563
5.810000e-05,0.0149219
5.820000e-05,0.0149469
5.830000e-05,0.0149
5.840000e-05,0.01485
5.850000e-05,0.0150156
5.860000e-05,0.0149469
5.870000e-05,0.0150313
5.880000e-05,0.0149531
5.890000e-05,0.0149344
5.900000e-05,0.0150625
5.910000e-05,0.0150719
5.920000e-05,0.0150844
5.930000e-05,0.0151438
5.940000e-05,0.0150688
5.950000e-05,0.0149219
5.960000e-05,0.0150406
5.970000e-05,0.0150156
5.980000e-05,0.0151094
5.990000e-05,0.0150375
6.000000e-05,0.0151406
6.010000e-05,0.0151469
6.020000e-05,0.0150438
6.030000e-05,0.0150734
6.040000e-05,0.0150531
6.050000e-05,0.0151094
6.060000e-05,0.0150594
6.070000e-05,0.0150906
6.080000e-05,0.015075
6.090000e-05,0.0151094
6.100000e-05,0.015275
6.110000e-05,0.0151875
6.120000e-05,0.0152031
6.130000e-05,0.0151469
6.140000e-05,0.0150531
6.150000e-05,0.0151813
6.160000e-05,0.0152297
6.170000e-05,0.0152031
6.180000e-05,0.0151969
6.190000e-05,0.0151156
6.200000e-05,0.0151969
6.210000e-05,0.0152969
6.220000e-05,0.0151719
6.230000e-05,0.0153469
6.240000e-05,0.0152156
6.250000e-05,0.0152719
6.260000e-05,0.0151438
6.270000e-05,0.0151687
6.280000e-05,0.0151125
6.290000e-05,0.0151734
6.300000e-05,0.0153875
6.310000e-05,0.0152156
6.320000e-05,0.0152344
6.330000e-05,0.0152688
6.340000e-05,0.0152938
6.350000e-05,0.0153031
6.360000e-05,0.0153
6.370000e-05,0.0152844
6.380000e-05,0.015275
6.390000e-05,0.0153375
6.400000e-05,0.0153063
6.410000e-05,0.0153156
6.420000e-05,0.0152344
6.430000e-05,0.0153188
6.440000e-05,0.0153594
6.450000e-05,0.0154031
6.460000e-05,0.0153938
6.470000e-05,0.0153344
6.480000e-05,0.0154219
6.490000e-05,0.0153156
6.500000e-05,0.0154594
6.510000e-05,0.0153641
6.520000e-05,0.0153781
6.530000e-05,0.0152875
6.540000e-05,0.0153844
6.550000e-05,0.0153938
6.560000e-05,0.0154219
6.570000e-05,0.0154594
6.580000e-05,0.0154906
6.590000e-05,0.0153969
6.600000e-05,0.0155125
6.610000e-05,0.0154438
6.620000e-05,0.0154797
6.630000e-05,0.0154375
6.640000e-05,0.0155031
6.650000e-05,0.0154656
6.660000e-05,0.0154938
6.670000e-05,0.0154438
6.680000e-05,0.0155375
6.690000e-05,0.0154406
6.700000e-05,0.0155344
6.710000e-05,0.0154781
6.720000e-05,0.01555
6.730000e-05,0.0155219
6.740000e-05,0.0154563
6.750000e-05,0.0155109
6.760000e-05,0.0154688
6.770000e-05,0.0154406
6.780000e-05,0.0155625
6.790000e-05,0.0156328
6.800000e-05,0.0155438
6.810000e-05,0.0155063
6.820000e-05,0.0155188
6.830000e-05,0.015575
6.840000e-05,0.0156625
6.850000e-05,0.0155531
6.860000e-05,0.0155937
6.870000e-05,0.0155875
6.880000e-05,0.0155406
6.890000e-05,0.0155719
6.900000e-05,0.0156063
6.910000e-05,0.0156719
6.920000e-05,0.0155969
6.930000e-05,0.0156219
6.940000e-05,0.0156625
6.950000e-05,0.0156094
6.960000e-05,0.0156969
6.970000e-05,0.0156781
6.980000e-05,0.0156406
6.990000e-05,0.0156594
7.000000e-05,0.0157156
7.010000e-05,0.0157188
7.020000e-05,0.0156906
7.030000e-05,0.0157313
7.040000e-05,0.0156844
7.050000e-05,0.0157016
7.060000e-05,0.0157125
7.070000e-05,0.0156781
7.080000e-05,0.0156906
7.090000e-05,0.0157719
7.100000e-05,0.0157344
7.110000e-05,0.0157125
7.120000e-05,0.0158156
7.130000e-05,0.0157656
7.140000e-05,0.0157047
7.150000e-05,0.0157813
7.160000e-05,0.0155844
7.170000e-05,0.0157969
7.180000e-05,0.0158234
7.190000e-05,0.0158187
7.200000e-05,0.0158406
7.210000e-05,0.0158625
7.220000e-05,0.0157688
7.230000e-05,0.0157844
7.240000e-05,0.0158234
7.250000e-05,0.0158219
7.260000e-05,0.01575
7.270000e-05,0.0158719
7.280000e-05,0.01585
7.290000e-05,0.0158656
7.300000e-05,0.0158313
7.310000e-05,0.0158812
7.320000e-05,0.0158234
7.330000e-05,0.0158547
7.340000e-05,0.0158625
7.350000e-05,0.0158187
7.360000e-05,0.0158688
7.370000e-05,0.0157688
7.380000e-05,0.01585
7.390000e-05,0.0157875
7.400000e-05,0.0158969
7.410000e-05,0.0158656
7.420000e-05,0.0158094
7.430000e-05,0.0159375
7.440000e-05,0.0159219
7.450000e-05,0.0159219
7.460000e-05,0.0159672
7.470000e-05,0.0158688
7.480000e-05,0.0158266
7.490000e-05,0.0158438
7.500000e-05,0.0158969
7.510000e-05,0.0160094
7.520000e-05,0.0158969
7.530000e-05,0.0159875
7.540000e-05,0.015975
7.550000e-05,0.0160031
7.560000e-05,0.0160906
7.570000e-05,0.015975
7.580000e-05,0.0159813
7.590000e-05,0.0159797
7.600000e-05,0.0159563
7.610000e-05,0.0158969
7.620000e-05,0.0160531
7.630000e-05,0.0159656
7.640000e-05,0.0159578
7.650000e-05,0.0160656
7.660000e-05,0.0160172
7.670000e-05,0.0160313
7.680000e-05,0.0160813
7.690000e-05,0.0160938
7.700000e-05,0.0159906
7.710000e-05,0.0160125
7.720000e-05,0.0160656
7.730000e-05,0.0160656
7.740000e-05,0.0160219
7.750000e-05,0.0160781
7.760000e-05,0.0160781
7.770000e-05,0.0160687
7.780000e-05,0.0160594
7.790000e-05,0.0160438
7.800000e-05,0.0160969
7.810000e-05,0.0160594
7.820000e-05,0.0160656
7.830000e-05,0.0161
7.840000e-05,0.0161594
7.850000e-05,0.0160656
7.860000e-05,0.0161563
7.870000e-05,0.0160844
7.880000e-05,0.016175
7.890000e-05,0.0161891
7.900000e-05,0.0161875
7.910000e-05,0.0161813
7.920000e-05,0.0161719
7.930000e-05,0.0160719
7.940000e-05,0.0161094
7.950000e-05,0.0160594
7.960000e-05,0.0161406
7.970000e-05,0.0161906
7.980000e-05,0.0161703
7.990000e-05,0.0161438
8.000000e-05,0.0161625
8.010000e-05,0.0160687
8.020000e-05,0.0161656
8.030000e-05,0.016225
8.040000e-05,0.0161563
8.050000e-05,0.016175
8.060000e-05,0.0162625
8.070000e-05,0.0162969
8.080000e-05,0.0161844
8.090000e-05,0.0162937
8.100000e-05,0.0162
8.110000e-05,0.0163187
8.120000e-05,0.0162406
8.130000e-05,0.0162188
8.140000e-05,0.0162688
8.150000e-05,0.0162031
8.160000e-05,0.01625
8.170000e-05,0.0162125
8.180000e-05,0.0162063
8.190000e-05,0.0161312
8.200000e-05,0.0161344
8.210000e-05,0.0160828
8.220000e-05,0.0163562
8.230000e-05,0.016325
8.240000e-05,0.0162344
8.250000e-05,0.0162
8.260000e-05,0.0161781
8.270000e-05,0.0162344
8.280000e-05,0.0162156
8.290000e-05,0.0162344
8.300000e-05,0.0162344
8.310000e-05,0.0163094
8.320000e-05,0.0162813
8.330000e-05,0.0163844
8.340000e-05,0.0163156
8.350000e-05,0.0163703
8.360000e-05,0.0162562
8.370000e-05,0.0162531
8.380000e-05,0.0162125
8.390000e-05,0.0162781
8.400000e-05,0.0162688
8.410000e-05,0.0162344
8.420000e-05,0.0161906
8.430000e-05,0.0163531
8.440000e-05,0.0162625
8.450000e-05,0.0162844
8.460000e-05,0.0163234
8.470000e-05,0.0164094
8.480000e-05,0.0162906
8.490000e-05,0.0163625
8.500000e-05,0.0162406
8.510000e-05,0.0161375
8.520000e-05,0.0162219
8.530000e-05,0.0162969
8.540000e-05,0.0162469
8.550000e-05,0.0163
8.560000e-05,0.0162312
8.570000e-05,0.016275
8.580000e-05,0.0162656
8.590000e-05,0.0162875
8.600000e-05,0.0163219
8.610000e-05,0.0163594
8.620000e-05,0.0162813
8.630000e-05,0.0164031
8.640000e-05,0.0162125
8.650000e-05,0.0164156
8.660000e-05,0.0163125
8.670000e-05,0.0163469
8.680000e-05,0.0163531
8.690000e-05,0.0163375
8.700000e-05,0.0163156
8.710000e-05,0.0165031
8.720000e-05,0.0162531
8.730000e-05,0.0163688
8.740000e-05,0.0162875
8.750000e-05,0.0162688
8.760000e-05,0.0163078
8.770000e-05,0.0163469
8.780000e-05,0.0164844
8.790000e-05,0.0162469
8.800000e-05,0.0163234
8.810000e-05,0.0163578
8.820000e-05,0.0163125
8.830000e-05,0.0162937
8.840000e-05,0.0163469
8.850000e-05,0.0162406
8.860000e-05,0.0163391
8.870000e-05,0.0163125
8.880000e-05,0.0162844
8.890000e-05,0.0163313
8.900000e-05,0.016325
8.910000e-05,0.0163406
8.920000e-05,0.0162844
8.930000e-05,0.0163375
8.940000e-05,0.0163219
8.950000e-05,0.0163531
8.960000e-05,0.0163562
8.970000e-05,0.0162656
8.980000e-05,0.0163969
8.990000e-05,0.0163844
9.000000e-05,0.0162734
9.010000e-05,0.0163734
9.020000e-05,0.0164234
9.030000e-05,0.0163688
9.040000e-05,0.0163656
9.050000e-05,0.0165313
9.060000e-05,0.0164031
9.070000e-05,0.0162937
9.080000e-05,0.0164047
9.090000e-05,0.0163094
9.100000e-05,0.0163969
9.110000e-05,0.0163844
9.120000e-05,0.0164313
9.130000e-05,0.0163313
9.140000e-05,0.0163125
9.150000e-05,0.0163594
9.160000e-05,0.0164187
9.170000e-05,0.0163656
9.180000e-05,0.0163578
9.190000e-05,0.0163094
9.200000e-05,0.0162422
9.210000e-05,0.0164375
9.220000e-05,0.0163344
9.230000e-05,0.0163344
9.240000e-05,0.0163844
9.250000e-05,0.0164281
9.260000e-05,0.0164578
9.270000e-05,0.0163781
9.280000e-05,0.0163
9.290000e-05,0.01635
9.300000e-05,0.0163063
9.310000e-05,0.0163219
9.320000e-05,0.01635
9.330000e-05,0.0164125
9.340000e-05,0.0165125
9.350000e-05,0.0163281
9.360000e-05,0.0163656
9.370000e-05,0.0164109
9.380000e-05,0.0163688
9.390000e-05,0.0163234
9.400000e-05,0.0163313
9.410000e-05,0.01635
9.420000e-05,0.0162781
9.430000e-05,0.0162875
9.440000e-05,0.0163313
9.450000e-05,0.0162937
9.460000e-05,0.0163844
9.470000e-05,0.0164125
9.480000e-05,0.0163281
9.490000e-05,0.0163781
9.500000e-05,0.0163156
9.510000e-05,0.0163063
9.520000e-05,0.0163438
9.530000e-05,0.0163219
9.540000e-05,0.0163906
9.550000e-05,0.0163344
9.560000e-05,0.0162344
9.570000e-05,0.0163281
9.580000e-05,0.0163562
9.590000e-05,0.0163313
9.600000e-05,0.0163625
9.610000e-05,0.0163219
9.620000e-05,0.0162281
9.630000e-05,0.0162625
9.640000e-05,0.0163313
9.650000e-05,0.0163031
9.660000e-05,0.0163922
9.670000e-05,0.0162969
9.680000e-05,0.0163156
9.690000e-05,0.0162937
9.700000e-05,0.0163234
9.710000e-05,0.0162672
9.720000e-05,0.0162734
9.730000e-05,0.0162
9.740000e-05,0.0163469
9.750000e-05,0.0162312
9.760000e-05,0.0163187
9.770000e-05,0.0163313
9.780000e-05,0.0163281
9.790000e-05,0.0162188
9.800000e-05,0.0162813
9.810000e-05,0.0163344
9.820000e-05,0.0162156
9.830000e-05,0.0161625
9.840000e-05,0.0162937
9.850000e-05,0.0162063
9.860000e-05,0.0162813
9.870000e-05,0.016175
9.880000e-05,0.0162594
9.890000e-05,0.0162562
9.900000e-05,0.0162719
9.910000e-05,0.01625
9.920000e-05,0.0162375
9.930000e-05,0.0161531
9.940000e-05,0.0162469
9.950000e-05,0.0163344
9.960000e-05,0.016325
9.970000e-05,0.01625
9.980000e-05,0.0162813
9.990000e-05,0.0162766
1.000000e-04,0.0161625
1.001000e-04,0.0161531
1.002000e-04,0.0162516
1.003000e-04,0.0163438
1.004000e-04,0.0161656
1.005000e-04,0.0162391
1.006000e-04,0.0162312
1.007000e-04,0.0162312
1.008000e-04,0.0161937
1.009000e-04,0.0162047
1.010000e-04,0.0162031
1.011000e-04,0.0161062
1.012000e-04,0.0162344
1.013000e-04,0.0162625
1.014000e-04,0.0162281
1.015000e-04,0.0161594
1.016000e-04,0.016125
1.017000e-04,0.0161672
1.018000e-04,0.0161094
1.019000e-04,0.0161906
1.020000e-04,0.0162078
1.021000e-04,0.01615
1.022000e-04,0.0161125
1.023000e-04,0.0161672
1.024000e-04,0.0162672
1.025000e-04,0.0161563
1.026000e-04,0.0161375
1.027000e-04,0.0160281
1.028000e-04,0.0160313
1.029000e-04,0.0161188
1.030000e-04,0.0161125
1.031000e-04,0.0160563
1.032000e-04,0.0160313
1.033000e-04,0.016075
1.034000e-04,0.0160594
1.035000e-04,0.0160625
1.036000e-04,0.0160406
1.037000e-04,0.0161031
1.038000e-04,0.0161062
1.039000e-04,0.0160531
1.040000e-04,0.0161438
1.041000e-04,0.0161375
1.042000e-04,0.0161062
1.043000e-04,0.0160781
1.044000e-04,0.01605
1.045000e-04,0.0160781
1.046000e-04,0.0160844
1.047000e-04,0.0160375
1.048000e-04,0.0159469
1.049000e-04,0.0161031
1.050000e-04,0.015975
1.051000e-04,0.0160281
1.052000e-04,0.0159563
1.053000e-04,0.016075
1.054000e-04,0.016025
1.055000e-04,0.0160844
1.056000e-04,0.0160062
1.057000e-04,0.0160313
1.058000e-04,0.01595
1.059000e-04,0.0160438
1.060000e-04,0.0159344
1.061000e-04,0.0159547
1.062000e-04,0.015975
1.063000e-04,0.0159219
1.064000e-04,0.0158313
1.065000e-04,0.0160062
1.066000e-04,0.0161
1.067000e-04,0.01595
1.068000e-04,0.016025
1.069000e-04,0.0159594
1.070000e-04,0.0159469
1.071000e-04,0.0159875
1.072000e-04,0.0159563
1.073000e-04,0.0160625
1.074000e-04,0.0159219
1.075000e-04,0.0159156
1.076000e-04,0.0158125
1.077000e-04,0.0159313
1.078000e-04,0.0159563
1.079000e-04,0.0158938
1.080000e-04,0.0160469
1.081000e-04,0.0158891
1.082000e-04,0.0159578
1.083000e-04,0.0158812
1.084000e-04,0.016025
1.085000e-04,0.015875
1.086000e-04,0.0159188
1.087000e-04,0.0159063
1.088000e-04,0.0158438
1.089000e-04,0.0158938
1.090000e-04,0.0158063
1.091000e-04,0.0158969
1.092000e-04,0.0159531
1.093000e-04,0.015925
1.094000e-04,0.0159156
1.095000e-04,0.0157938
1.096000e-04,0.0157781
1.097000e-04,0.0157063
1.098000e-04,0.0157906
1.099000e-04,0.0158844
1.100000e-04,0.01585
1.101000e-04,0.0158875
1.102000e-04,0.0158094
1.103000e-04,0.0159063
1.104000e-04,0.01575
1.105000e-04,0.0158344
1.106000e-04,0.0158375
1.107000e-04,0.0158531
1.108000e-04,0.0158031
1.109000e-04,0.0158656
1.110000e-04,0.0157844
1.111000e-04,0.0157938
1.112000e-04,0.0157469
1.113000e-04,0.0157562
1.114000e-04,0.0157656
1.115000e-04,0.0157281
1.116000e-04,0.0157688
1.117000e-04,0.0157625
1.118000e-04,0.0157531
1.119000e-04,0.0158094
1.120000e-04,0.0157188
1.121000e-04,0.0157313
1.122000e-04,0.0156766
1.123000e-04,0.0158125
1.124000e-04,0.0157469
1.125000e-04,0.0157813
1.126000e-04,0.0157188
1.127000e-04,0.0157906
1.128000e-04,0.0157016
1.129000e-04,0.015675
1.130000e-04,0.0158
1.131000e-04,0.0157219
1.132000e-04,0.0156937
1.133000e-04,0.0157594
1.134000e-04,0.0156937
1.135000e-04,0.0156344
1.136000e-04,0.0156219
1.137000e-04,0.0157031
1.138000e-04,0.0157188
1.139000e-04,0.0156328
1.140000e-04,0.0156672
1.141000e-04,0.015625
1.142000e-04,0.0156188
1.143000e-04,0.0156844
1.144000e-04,0.0156156
1.145000e-04,0.0156844
1.146000e-04,0.0155688
1.147000e-04,0.01555
1.148000e-04,0.0156156
1.149000e-04,0.0156312
1.150000e-04,0.0156219
1.151000e-04,0.0155969
1.152000e-04,0.0155312
1.153000e-04,0.0154781
1.154000e-04,0.0155594
1.155000e-04,0.0155281
1.156000e-04,0.0155031
1.157000e-04,0.0155063
1.158000e-04,0.0156094
1.159000e-04,0.0154813
1.160000e-04,0.0155094
1.161000e-04,0.0154906
1.162000e-04,0.0154313
1.163000e-04,0.0155719
1.164000e-04,0.0154094
1.165000e-04,0.0154469
1.166000e-04,0.0155063
1.167000e-04,0.0155531
1.168000e-04,0.015375
1.169000e-04,0.0154688
1.170000e-04,0.0153563
1.171000e-04,0.0153938
1.172000e-04,0.0154
1.173000e-04,0.0154344
1.174000e-04,0.0153984
1.175000e-04,0.0155
1.176000e-04,0.0153906
1.177000e-04,0.0154438
1.178000e-04,0.015425
1.179000e-04,0.0154094
1.180000e-04,0.015375
1.181000e-04,0.0153813
1.182000e-04,0.01545
1.183000e-04,0.0153938
1.184000e-04,0.0153438
1.185000e-04,0.0153844
1.186000e-04,0.0154094
1.187000e-04,0.0153656
1.188000e-04,0.0153156
1.189000e-04,0.0153344
1.190000e-04,0.0153375
1.191000e-04,0.015325
1.192000e-04,0.0154344
1.193000e-04,0.0152938
1.194000e-04,0.0153531
1.195000e-04,0.0153438
1.196000e-04,0.015325
1.197000e-04,0.0152094
1.198000e-04,0.0153344
1.199000e-04,0.0152688
1.200000e-04,0.0151703
1.201000e-04,0.0152219
1.202000e-04,0.0153031
1.203000e-04,0.0152781
1.204000e-04,0.0152344
1.205000e-04,0.0151844
1.206000e-04,0.015275
1.207000e-04,0.0152156
1.208000e-04,0.0152031
1.209000e-04,0.0152406
1.210000e-04,0.0152813
1.211000e-04,0.0152516
1.212000e-04,0.0152219
1.213000e-04,0.0152531
1.214000e-04,0.0152938
1.215000e-04,0.0151672
1.216000e-04,0.0151969
1.217000e-04,0.0151625
1.218000e-04,0.0151813
1.219000e-04,0.0151781
1.220000e-04,0.0150625
1.221000e-04,0.0150938
1.222000e-04,0.0151406
1.223000e-04,0.01515
1.224000e-04,0.0150719
1.225000e-04,0.0150563
1.226000e-04,0.0150438
1.227000e-04,0.0150625
1.228000e-04,0.0150719
1.229000e-04,0.0151031
1.230000e-04,0.0150563
1.231000e-04,0.0150594
1.232000e-04,0.0150125
1.233000e-04,0.0150406
1.234000e-04,0.0151344
1.235000e-04,0.0150984
1.236000e-04,0.0150719
1.237000e-04,0.0150906
1.238000e-04,0.0150438
1.239000e-04,0.0149844
1.240000e-04,0.014975
1.241000e-04,0.0150984
1.242000e-04,0.0150469
1.243000e-04,0.0149469
1.244000e-04,0.0150469
1.245000e-04,0.0149656
1.246000e-04,0.0149844
1.247000e-04,0.0150188
1.248000e-04,0.0149688
1.249000e-04,0.014975
1.250000e-04,0.0149031
1.251000e-04,0.0149625
1.252000e-04,0.0149859
1.253000e-04,0.0148094
1.254000e-04,0.0149
1.255000e-04,0.0148844
1.256000e-04,0.0149031
1.257000e-04,0.014925
1.258000e-04,0.0149125
1.259000e-04,0.0148938
1.260000e-04,0.0149688
1.261000e-04,0.0149125
1.262000e-04,0.0149281
1.263000e-04,0.0148625
1.264000e-04,0.0149
1.265000e-04,0.0147844
1.266000e-04,0.01485
1.267000e-04,0.0148188
1.268000e-04,0.0148688
1.269000e-04,0.0148156
1.270000e-04,0.0148172
1.271000e-04,0.014775
1.272000e-04,0.0147844
1.273000e-04,0.0148531
1.274000e-04,0.0147828
1.275000e-04,0.01475
1.276000e-04,0.0148031
1.277000e-04,0.0148281
1.278000e-04,0.0148406
1.279000e-04,0.0147813
1.280000e-04,0.0147891
1.281000e-04,0.0148
1.282000e-04,0.0147219
1.283000e-04,0.0148406
1.284000e-04,0.0146781
1.285000e-04,0.0147313
1.286000e-04,0.0147375
1.287000e-04,0.0147469
1.288000e-04,0.014775
1.289000e-04,0.0147437
1.290000e-04,0.014675
1.291000e-04,0.0146563
1.292000e-04,0.014675
1.293000e-04,0.0145844
1.294000e-04,0.0146781
1.295000e-04,0.01465
1.296000e-04,0.0146328
1.297000e-04,0.0145688
1.298000e-04,0.0145563
1.299000e-04,0.0146047
1.300000e-04,0.014625
1.301000e-04,0.0146031
1.302000e-04,0.0146688
1.303000e-04,0.0146156
1.304000e-04,0.0146531
1.305000e-04,0.0145875
1.306000e-04,0.0146125
1.307000e-04,0.0145656
1.308000e-04,0.0145563
1.309000e-04,0.0144969
1.310000e-04,0.0145781
1.311000e-04,0.0146125
1.312000e-04,0.0145469
1.313000e-04,0.0145
1.314000e-04,0.0145781
1.315000e-04,0.0144813
1.316000e-04,0.0144406
1.317000e-04,0.0145063
1.318000e-04,0.0144813
1.319000e-04,0.0144953
1.320000e-04,0.0145688
1.321000e-04,0.0144938
1.322000e-04,0.0144953
1.323000e-04,0.0145313
1.324000e-04,0.0143875
1.325000e-04,0.0144688
1.326000e-04,0.0144328
1.327000e-04,0.0143922
1.328000e-04,0.0143969
1.329000e-04,0.0144828
1.330000e-04,0.0143844
1.331000e-04,0.0144313
1.332000e-04,0.014375
1.333000e-04,0.0143
1.334000e-04,0.0143812
1.335000e-04,0.0143703
1.336000e-04,0.0143578
1.337000e-04,0.0144656
1.338000e-04,0.0144
1.339000e-04,0.0143922
1.340000e-04,0.0143219
1.341000e-04,0.0142953
1.342000e-04,0.0142516
1.343000e-04,0.014325
1.344000e-04,0.0142375
1.345000e-04,0.0143594
1.346000e-04,0.0141438
1.347000e-04,0.0142469
1.348000e-04,0.0141531
1.349000e-04,0.0142469
1.350000e-04,0.0142813
1.351000e-04,0.0141906
1.352000e-04,0.01415
1.353000e-04,0.0142281
1.354000e-04,0.0141625
1.355000e-04,0.0141625
1.356000e-04,0.0142719
1.357000e-04,0.0142281
1.358000e-04,0.0142313
1.359000e-04,0.0142125
1.360000e-04,0.0141875
1.361000e-04,0.0140156
1.362000e-04,0.0141063
1.363000e-04,0.0141703
1.364000e-04,0.0141688
1.365000e-04,0.014225
1.366000e-04,0.0141375
1.367000e-04,0.0141406
1.368000e-04,0.0140906
1.369000e-04,0.0140688
1.370000e-04,0.0141375
1.371000e-04,0.0139875
1.372000e-04,0.0139813
1.373000e-04,0.0140094
1.374000e-04,0.0140813
1.375000e-04,0.0140844
1.376000e-04,0.014075
1.377000e-04,0.0140578
1.378000e-04,0.0140688
1.379000e-04,0.0140781
1.380000e-04,0.0139844
1.381000e-04,0.01395
1.382000e-04,0.0140469
1.383000e-04,0.0140656
1.384000e-04,0.0140063
1.385000e-04,0.0138813
1.386000e-04,0.0140125
1.387000e-04,0.0139188
1.388000e-04,0.0139219
1.389000e-04,0.0139
1.390000e-04,0.0139156
1.391000e-04,0.0138937
1.392000e-04,0.0139344
1.393000e-04,0.013875
1.394000e-04,0.0138563
1.395000e-04,0.0138688
1.396000e-04,0.0138219
1.397000e-04,0.0139375
1.398000e-04,0.0138813
1.399000e-04,0.0139219
1.400000e-04,0.0139
1.401000e-04,0.0139594
1.402000e-04,0.0138875
1.403000e-04,0.0138313
1.404000e-04,0.013825
1.405000e-04,0.0138781
1.406000e-04,0.0138438
1.407000e-04,0.0138594
1.408000e-04,0.0137875
1.409000e-04,0.0138719
1.410000e-04,0.0137594
1.411000e-04,0.01385
1.412000e-04,0.0138
1.413000e-04,0.0138156
1.414000e-04,0.013775
1.415000e-04,0.0137781
1.416000e-04,0.0137781
1.417000e-04,0.0136625
1.418000e-04,0.0138281
1.419000e-04,0.0136844
1.420000e-04,0.0137313
1.421000e-04,0.01375
1.422000e-04,0.0136844
1.423000e-04,0.01375
1.424000e-04,0.0136188
1.425000e-04,0.0136875
1.426000e-04,0.0136219
1.427000e-04,0.0136406
1.428000e-04,0.0136719
1.429000e-04,0.0136625
1.430000e-04,0.0136313
1.431000e-04,0.0136125
1.432000e-04,0.0136125
1.433000e-04,0.0135813
1.434000e-04,0.0135469
1.435000e-04,0.0135125
1.436000e-04,0.0136219
1.437000e-04,0.0136406
1.438000e-04,0.0136031
1.439000e-04,0.0135
1.440000e-04,0.0135937
1.441000e-04,0.0136313
1.442000e-04,0.0135438
1.443000e-04,0.0135656
1.444000e-04,0.0136375
1.445000e-04,0.01345
1.446000e-04,0.0135312
1.447000e-04,0.0134906
1.448000e-04,0.0136219
1.449000e-04,0.0134969
1.450000e-04,0.0134469
1.451000e-04,0.0134844
1.452000e-04,0.0135094
1.453000e-04,0.0134344
1.454000e-04,0.0135125
1.455000e-04,0.0134438
1.456000e-04,0.0134594
1.457000e-04,0.0134156
1.458000e-04,0.0133594
1.459000e-04,0.0133906
1.460000e-04,0.0133438
1.461000e-04,0.0133156
1.462000e-04,0.0133969
1.463000e-04,0.01335
1.464000e-04,0.0133781
1.465000e-04,0.013325
1.466000e-04,0.0133625
1.467000e-04,0.0134625
1.468000e-04,0.0134438
1.469000e-04,0.0133469
1.470000e-04,0.0133094
1.471000e-04,0.0132375
1.472000e-04,0.0131875
1.473000e-04,0.0133656
1.474000e-04,0.0133313
1.475000e-04,0.0132063
1.476000e-04,0.0132281
1.477000e-04,0.0132531
1.478000e-04,0.01325
1.479000e-04,0.0132766
1.480000e-04,0.0132547
1.481000e-04,0.0131875
1.482000e-04,0.0132875
1.483000e-04,0.0131813
1.484000e-04,0.0132188
1.485000e-04,0.0132219
1.486000e-04,0.0131906
1.487000e-04,0.0132531
1.488000e-04,0.013325
1.489000e-04,0.0130906
1.490000e-04,0.0132188
1.491000e-04,0.0132156
1.492000e-04,0.0132188
1.493000e-04,0.0130813
1.494000e-04,0.0131344
1.495000e-04,0.0131719
1.496000e-04,0.0131469
1.497000e-04,0.0130781
1.498000e-04,0.0131344
1.499000e-04,0.0131406
1.500000e-04,0.0131313
1.501000e-04,0.0130188
1.502000e-04,0.0131156
1.503000e-04,0.0131375
1.504000e-04,0.0130813
1.505000e-04,0.012975
1.506000e-04,0.0130094
1.507000e-04,0.0130156
1.508000e-04,0.0130375
1.509000e-04,0.0130313
1.510000e-04,0.0129844
1.511000e-04,0.0129438
1.512000e-04,0.012975
1.513000e-04,0.0129094
1.514000e-04,0.0130313
1.515000e-04,0.0129031
1.516000e-04,0.0129375
1.517000e-04,0.012975
1.518000e-04,0.0129656
1.519000e-04,0.0129469
1.520000e-04,0.0129469
1.521000e-04,0.0129375
1.522000e-04,0.0129969
1.523000e-04,0.0129813
1.524000e-04,0.012925
1.525000e-04,0.0128719
1.526000e-04,0.0128656
1.527000e-04,0.0128984
1.528000e-04,0.0128406
1.529000e-04,0.0128094
1.530000e-04,0.0128938
1.531000e-04,0.01295
1.532000e-04,0.0128438
1.533000e-04,0.0127969
1.534000e-04,0.0127906
1.535000e-04,0.0128344
1.536000e-04,0.0127906
1.537000e-04,0.0129094
1.538000e-04,0.012925
1.539000e-04,0.0128422
1.540000e-04,0.0128219
1.541000e-04,0.0127844
1.542000e-04,0.0127
1.543000e-04,0.0127469
1.544000e-04,0.0128219
1.545000e-04,0.0127531
1.546000e-04,0.0127172
1.547000e-04,0.0127313
1.548000e-04,0.0126875
1.549000e-04,0.0127531
1.550000e-04,0.0127313
1.551000e-04,0.0127906
1.552000e-04,0.0127813
1.553000e-04,0.0126453
1.554000e-04,0.0126719
1.555000e-04,0.0126594
1.556000e-04,0.0127156
1.557000e-04,0.0127781
1.558000e-04,0.0126594
1.559000e-04,0.0126859
1.560000e-04,0.0126078
1.561000e-04,0.0126906
1.562000e-04,0.0126141
1.563000e-04,0.01265
1.564000e-04,0.0125781
1.565000e-04,0.0126688
1.566000e-04,0.0126625
1.567000e-04,0.0125922
1.568000e-04,0.0126
1.569000e-04,0.0125625
1.570000e-04,0.0126625
1.571000e-04,0.0125594
1.572000e-04,0.0126484
1.573000e-04,0.0124938
1.574000e-04,0.0126
1.575000e-04,0.0124688
1.576000e-04,0.0124375
1.577000e-04,0.0124969
1.578000e-04,0.012425
1.579000e-04,0.0125625
1.580000e-04,0.0124406
1.581000e-04,0.0123953
1.582000e-04,0.0124219
1.583000e-04,0.0123828
1.584000e-04,0.0123438
1.585000e-04,0.0124813
1.586000e-04,0.0124875
1.587000e-04,0.0124875
1.588000e-04,0.0124219
1.589000e-04,0.0124547
1.590000e-04,0.0123984
1.591000e-04,0.0123594
1.592000e-04,0.012325
1.593000e-04,0.012325
1.594000e-04,0.012275
1.595000e-04,0.0124406
1.596000e-04,0.0124125
1.597000e-04,0.0123781
1.598000e-04,0.0122844
1.599000e-04,0.0123375
1.600000e-04,0.0124219
1.601000e-04,0.0123625
1.602000e-04,0.0123281
1.603000e-04,0.0123125
1.604000e-04,0.0123563
1.605000e-04,0.0121781
1.606000e-04,0.0122906
1.607000e-04,0.0122562
1.608000e-04,0.0122781
1.609000e-04,0.0121391
1.610000e-04,0.0122938
1.611000e-04,0.0122922
1.612000e-04,0.01225
1.613000e-04,0.0121906
1.614000e-04,0.0122656
1.615000e-04,0.0121781
1.616000e-04,0.0122172
1.617000e-04,0.012175
1.618000e-04,0.0121438
1.619000e-04,0.0121813
1.620000e-04,0.0121688
1.621000e-04,0.0122234
1.622000e-04,0.0120844
1.623000e-04,0.0120781
1.624000e-04,0.0120469
1.625000e-04,0.0122781
1.626000e-04,0.0121281
1.627000e-04,0.0120906
1.628000e-04,0.012025
1.629000e-04,0.0119828
1.630000e-04,0.0119406
1.631000e-04,0.0120656
1.632000e-04,0.0119453
1.633000e-04,0.012
1.634000e-04,0.0120219
1.635000e-04,0.0119781
1.636000e-04,0.0119969
1.637000e-04,0.0120031
1.638000e-04,0.0120703
1.639000e-04,0.0121281
1.640000e-04,0.0120563
1.641000e-04,0.0119484
1.642000e-04,0.0119406
1.643000e-04,0.0119609
1.644000e-04,0.0120094
1.645000e-04,0.0119375
1.646000e-04,0.0119719
1.647000e-04,0.012
1.648000e-04,0.0119906
1.649000e-04,0.0118891
1.650000e-04,0.0119375
1.651000e-04,0.012
1.652000e-04,0.0118531
1.653000e-04,0.0118
1.654000e-04,0.0118031
1.655000e-04,0.011875
1.656000e-04,0.0118219
1.657000e-04,0.0118031
1.658000e-04,0.0118344
1.659000e-04,0.0118688
1.660000e-04,0.0117531
1.661000e-04,0.0117813
1.662000e-04,0.0118219
1.663000e-04,0.0117219
1.664000e-04,0.0117844
1.665000e-04,0.0116875
1.666000e-04,0.011725
1.667000e-04,0.0117234
1.668000e-04,0.0117891
1.669000e-04,0.0117656
1.670000e-04,0.0116688
1.671000e-04,0.01165
1.672000e-04,0.0116438
1.673000e-04,0.0116875
1.674000e-04,0.0117406
1.675000e-04,0.0116594
1.676000e-04,0.0117328
1.677000e-04,0.0116625
1.678000e-04,0.0115688
1.679000e-04,0.0116
1.680000e-04,0.0116344
1.681000e-04,0.0116469
1.682000e-04,0.0116125
1.683000e-04,0.0115906
1.684000e-04,0.0116063
1.685000e-04,0.0116719
1.686000e-04,0.0115844
1.687000e-04,0.0116219
1.688000e-04,0.0115719
1.689000e-04,0.0115875
1.690000e-04,0.0115813
1.691000e-04,0.0115016
1.692000e-04,0.0114828
1.693000e-04,0.0115937
1.694000e-04,0.0115234
1.695000e-04,0.0114813
1.696000e-04,0.0115219
1.697000e-04,0.0114844
1.698000e-04,0.0114844
1.699000e-04,0.0115563
1.700000e-04,0.0114203
1.701000e-04,0.0114203
1.702000e-04,0.0114062
1.703000e-04,0.0114156
1.704000e-04,0.0114469
1.705000e-04,0.0113781
1.706000e-04,0.011375
1.707000e-04,0.0113203
1.708000e-04,0.0114
1.709000e-04,0.0113719
1.710000e-04,0.0113938
1.711000e-04,0.0113781
1.712000e-04,0.0113031
1.713000e-04,0.0113156
1.714000e-04,0.0112937
1.715000e-04,0.0113563
1.716000e-04,0.0112875
1.717000e-04,0.0114062
1.718000e-04,0.0113406
1.719000e-04,0.0113594
1.720000e-04,0.0113375
1.721000e-04,0.0113594
1.722000e-04,0.0112625
1.723000e-04,0.0113156
1.724000e-04,0.0113766
1.725000e-04,0.0112125
1.726000e-04,0.0111719
1.727000e-04,0.0112281
1.728000e-04,0.011225
1.729000e-04,0.0112641
1.730000e-04,0.0111203
1.731000e-04,0.011275
1.732000e-04,0.0111984
1.733000e-04,0.0111938
1.734000e-04,0.0111656
1.735000e-04,0.0111656
1.736000e-04,0.0111188
1.737000e-04,0.0111047
1.738000e-04,0.0110781
1.739000e-04,0.0110375
1.740000e-04,0.0110813
1.741000e-04,0.0112063
1.742000e-04,0.0111594
1.743000e-04,0.0110672
1.744000e-04,0.0109969
1.745000e-04,0.0111156
1.746000e-04,0.0111
1.747000e-04,0.0110938
1.748000e-04,0.0111719
1.749000e-04,0.0110656
1.750000e-04,0.0109906
1.751000e-04,0.0110406
1.752000e-04,0.0110625
1.753000e-04,0.0110313
1.754000e-04,0.0110344
1.755000e-04,0.0110031
1.756000e-04,0.0110766
1.757000e-04,0.0110656
1.758000e-04,0.0110281
1.759000e-04,0.0110422
1.760000e-04,0.0109406
1.761000e-04,0.0109844
1.762000e-04,0.0109156
1.763000e-04,0.0109125
1.764000e-04,0.0109625
1.765000e-04,0.0109031
1.766000e-04,0.0109063
1.767000e-04,0.0109516
1.768000e-04,0.0109312
1.769000e-04,0.0108906
1.770000e-04,0.011025
1.771000e-04,0.0109594
1.772000e-04,0.0108734
1.773000e-04,0.0108656
1.774000e-04,0.0107563
1.775000e-04,0.0108625
1.776000e-04,0.0108906
1.777000e-04,0.0108469
1.778000e-04,0.0108062
1.779000e-04,0.0108078
1.780000e-04,0.0107719
1.781000e-04,0.0108156
1.782000e-04,0.0107953
1.783000e-04,0.0108062
1.784000e-04,0.0107188
1.785000e-04,0.0108859
1.786000e-04,0.0107313
1.787000e-04,0.01075
1.788000e-04,0.0108172
1.789000e-04,0.0107156
1.790000e-04,0.010675
1.791000e-04,0.0106719
1.792000e-04,0.0107437
1.793000e-04,0.0107219
1.794000e-04,0.0105906
1.795000e-04,0.0106469
1.796000e-04,0.0106891
1.797000e-04,0.0106203
1.798000e-04,0.0106516
1.799000e-04,0.0105469
1.800000e-04,0.0105969
1.801000e-04,0.0106031
1.802000e-04,0.0106781
1.803000e-04,0.0104938
1.804000e-04,0.0105859
1.805000e-04,0.0105469
1.806000e-04,0.0106125
1.807000e-04,0.0106063
1.808000e-04,0.0105344
1.809000e-04,0.0106781
1.810000e-04,0.0106516
1.811000e-04,0.0106094
1.812000e-04,0.0105156
1.813000e-04,0.0105062
1.814000e-04,0.0106031
1.815000e-04,0.0105562
1.816000e-04,0.0104344
1.817000e-04,0.0105938
1.818000e-04,0.010525
1.819000e-04,0.0105328
1.820000e-04,0.0105969
1.821000e-04,0.0104406
1.822000e-04,0.0104547
1.823000e-04,0.0104375
1.824000e-04,0.0104828
1.825000e-04,0.0104656
1.826000e-04,0.0105719
1.827000e-04,0.0104063
1.828000e-04,0.010425
1.829000e-04,0.0103313
1.830000e-04,0.0103953
1.831000e-04,0.0104188
1.832000e-04,0.0104578
1.833000e-04,0.0104234
1.834000e-04,0.0104
1.835000e-04,0.0103781
1.836000e-04,0.0102469
1.837000e-04,0.0102844
1.838000e-04,0.01025
1.839000e-04,0.0103828
1.840000e-04,0.01035
1.841000e-04,0.0102688
1.842000e-04,0.0102344
1.843000e-04,0.0102531
1.844000e-04,0.0103313
1.845000e-04,0.0103656
1.846000e-04,0.0103344
1.847000e-04,0.0102125
1.848000e-04,0.0101781
1.849000e-04,0.0102172
1.850000e-04,0.0102562
1.851000e-04,0.0101344
1.852000e-04,0.0101188
1.853000e-04,0.0101688
1.854000e-04,0.0102063
1.855000e-04,0.0101656
1.856000e-04,0.0101781
1.857000e-04,0.01015
1.858000e-04,0.0101312
1.859000e-04,0.0101219
1.860000e-04,0.0100688
1.861000e-04,0.010225
1.862000e-04,0.0102438
1.863000e-04,0.0100406
1.864000e-04,0.0100688
1.865000e-04,0.0100828
1.866000e-04,0.0102172
1.867000e-04,0.00998438
1.868000e-04,0.0100719
1.869000e-04,0.0100406
1.870000e-04,0.0101141
1.871000e-04,0.0100656
1.872000e-04,0.0100187
1.873000e-04,0.0100313
1.874000e-04,0.0100531
1.875000e-04,0.01
1.876000e-04,0.01
1.877000e-04,0.00998438
1.878000e-04,0.00993438
1.879000e-04,0.009975
1.880000e-04,0.00996875
1.881000e-04,0.00995313
1.882000e-04,0.0100484
1.883000e-04,0.009975
1.884000e-04,0.00999063
1.885000e-04,0.00985625
1.886000e-04,0.009875
1.887000e-04,0.00994219
1.888000e-04,0.00987812
1.889000e-04,0.0099125
1.890000e-04,0.00983438
1.891000e-04,0.00984844
1.892000e-04,0.00983438
1.893000e-04,0.009825
1.894000e-04,0.00982813
1.895000e-04,0.0098375
1.896000e-04,0.00980469
1.897000e-04,0.00970312
1.898000e-04,0.00976562
1.899000e-04,0.00983438
1.900000e-04,0.00974219
1.901000e-04,0.00978125
1.902000e-04,0.00975625
1.903000e-04,0.00970625
1.904000e-04,0.00987188
1.905000e-04,0.00974063
1.906000e-04,0.00970938
1.907000e-04,0.00968594
1.908000e-04,0.00980313
1.909000e-04,0.00967813
1.910000e-04,0.00974063
1.911000e-04,0.00964688
1.912000e-04,0.0096375
1.913000e-04,0.0097
1.914000e-04,0.00965625
1.915000e-04,0.0096625
1.916000e-04,0.00967187
1.917000e-04,0.00965156
1.918000e-04,0.00971875
1.919000e-04,0.0097
1.920000e-04,0.00963438
1.921000e-04,0.00968125
1.922000e-04,0.009575
1.923000e-04,0.00955938
1.924000e-04,0.00960313
1.925000e-04,0.00953125
1.926000e-04,0.00959531
1.927000e-04,0.00961406
1.928000e-04,0.00965469
1.929000e-04,0.00951719
1.930000e-04,0.00961875
1.931000e-04,0.00945312
1.932000e-04,0.00955
1.933000e-04,0.00942344
1.934000e-04,0.009525
1.935000e-04,0.009475
1.936000e-04,0.00945312
1.937000e-04,0.00948437
1.938000e-04,0.0094375
1.939000e-04,0.00937969
1.940000e-04,0.00939375
1.941000e-04,0.009525
1.942000e-04,0.00948125
1.943000e-04,0.00930313
1.944000e-04,0.009375
1.945000e-04,0.00944063
1.946000e-04,0.009325
1.947000e-04,0.00932812
1.948000e-04,0.00936875
1.949000e-04,0.00934531
1.950000e-04,0.00940625
1.951000e-04,0.00939688
1.952000e-04,0.00937813
1.953000e-04,0.00936406
1.954000e-04,0.009325
1.955000e-04,0.0092625
1.956000e-04,0.00936094
1.957000e-04,0.0092625
1.958000e-04,0.00925938
1.959000e-04,0.00923125
1.960000e-04,0.00924219
1.961000e-04,0.00931719
1.962000e-04,0.00926719
1.963000e-04,0.00922813
1.964000e-04,0.00919688
1.965000e-04,0.00926563
1.966000e-04,0.00921562
1.967000e-04,0.00925938
1.968000e-04,0.00911719
1.969000e-04,0.00916875
1.970000e-04,0.00927031
1.971000e-04,0.00911875
1.972000e-04,0.00917188
1.973000e-04,0.00922813
1.974000e-04,0.0089875
1.975000e-04,0.00905156
1.976000e-04,0.00917813
1.977000e-04,0.00911563
1.978000e-04,0.00909375
1.979000e-04,0.00911563
1.980000e-04,0.00907656
1.981000e-04,0.00900938
1.982000e-04,0.00904063
1.983000e-04,0.00902812
1.984000e-04,0.00898906
1.985000e-04,0.0090125
1.986000e-04,0.00903438
1.987000e-04,0.00890625
1.988000e-04,0.00897812
1.989000e-04,0.00906563
1.990000e-04,0.00900156
1.991000e-04,0.00885312
1.992000e-04,0.00895
1.993000e-04,0.00894687
1.994000e-04,0.00891562
1.995000e-04,0.00886563
1.996000e-04,0.00885
1.997000e-04,0.00899531
1.998000e-04,0.00884688
1.999000e-04,0.00894687

